entity_type,field_name,data_type,is_multi_entity,valid_types,description
ActionMenuItem,selection_required,checkbox,False,,
ActionMenuItem,title,text,False,,
ActionMenuItem,url,text,False,,
ActionMenuItem,list_order,number,False,,
ActionMenuItem,entity_type,entity_type,False,,
ActionMenuItem,poll_for_data_updates,checkbox,False,,
ActionMenuItem,cached_display_name,text,False,,
ActionMenuItem,created_at,date_time,False,,
ActionMenuItem,projects,multi_entity,True,Project,
ActionMenuItem,permissions_groups,multi_entity,True,PermissionRuleSet,
ActionMenuItem,folder,text,False,,
ActionMenuItem,created_by,entity,False,"HumanUser,ApiUser",
ActionMenuItem,updated_by,entity,False,"HumanUser,ApiUser",
ActionMenuItem,updated_at,date_time,False,,
ActionMenuItem,secret_token,text,False,,
ActionMenuItem,id,number,False,,
ActionMenuItem,open_in_overlay,checkbox,False,,
ActionMenuItem,light_payload,checkbox,False,,
ActionMenuItem,add_btn_behavior,list,False,,
ActionMenuItem,signature_algorithm,list,False,,
ApiUser,projects,multi_entity,True,Project,
ApiUser,image_blur_hash,text,False,,
ApiUser,cached_display_name,text,False,,
ApiUser,filmstrip_image,image,False,,
ApiUser,id,number,False,,
ApiUser,image_source_entity,entity,False,"ApiUser,AppWelcome,Asset,Attachment,Banner,Booking,ClientUser,Composition,Contract,Cut,CutItem,Department,Episode,Group,HumanUser,Icon,Level,LocalStorage,MocapPass,MocapSetup,MocapTake,MocapTakeRange,Note,Page,Performer,PermissionRuleSet,Phase,PipelineConfiguration,Playlist,Project,PublishedFile,PublishedFileDependency,PublishedFileType,Routine,RvLicense,Sequence,Shot,Software,Status,Step,Tag,Task,TaskTemplate,Version",
ApiUser,updated_at,date_time,False,,
ApiUser,created_by,entity,False,"HumanUser,ApiUser",
ApiUser,permission_rule_set,entity,False,PermissionRuleSet,
ApiUser,lastname,text,False,,
ApiUser,firstname,text,False,,
ApiUser,updated_by,entity,False,"HumanUser,ApiUser",
ApiUser,description,text,False,,
ApiUser,tags,multi_entity,True,Tag,
ApiUser,salted_password,text,False,,
ApiUser,image,image,False,,
ApiUser,generate_event_log_entries,checkbox,False,,
ApiUser,email,text,False,,
ApiUser,created_at,date_time,False,,
ApiUserProjectConnection,sg_start,date,False,,
ApiUserProjectConnection,sg_end,date,False,,
ApiUserProjectConnection,cached_display_name,text,False,,
ApiUserProjectConnection,user,entity,False,ApiUser,
ApiUserProjectConnection,id,number,False,,
ApiUserProjectConnection,project,entity,False,Project,
AppWelcomeUserConnection,app_welcome,entity,False,AppWelcome,
AppWelcomeUserConnection,user,entity,False,HumanUser,
AppWelcomeUserConnection,cached_display_name,text,False,,
AppWelcomeUserConnection,id,number,False,,
Asset,mocap_takes,multi_entity,True,MocapTake,
Asset,task_template,entity,False,TaskTemplate,
Asset,step_0,pivot_column,False,,
Asset,addressings_cc,multi_entity,True,"Group,HumanUser",
Asset,cached_display_name,text,False,,
Asset,filmstrip_image,image,False,,
Asset,image_blur_hash,text,False,,
Asset,sg_client_name,text,False,,
Asset,sg_keep,checkbox,False,,
Asset,sg_versions,multi_entity,True,Version,
Asset,sg_published_files,multi_entity,True,PublishedFile,
Asset,episodes,multi_entity,True,Episode,
Asset,levels,multi_entity,True,Level,
Asset,id,number,False,,
Asset,sg_mvl_client_name,text,False,,
Asset,image_source_entity,entity,False,"ApiUser,AppWelcome,Asset,Attachment,Banner,Booking,ClientUser,Composition,Contract,Cut,CutItem,Department,Episode,Group,HumanUser,Icon,Level,LocalStorage,MocapPass,MocapSetup,MocapTake,MocapTakeRange,Note,Page,Performer,PermissionRuleSet,Phase,PipelineConfiguration,Playlist,Project,PublishedFile,PublishedFileDependency,PublishedFileType,Routine,RvLicense,Sequence,Shot,Software,Status,Step,Tag,Task,TaskTemplate,Version",
Asset,sg_outsource,checkbox,False,,
Asset,sg_creative_brief,url,False,,
Asset,sg_vendor_groups,multi_entity,True,Group,
Asset,sg_category,text,False,,
Asset,linked_projects,multi_entity,True,Project,
Asset,notes,multi_entity,True,Note,
Asset,open_notes,multi_entity,True,Note,
Asset,open_notes_count,summary,False,,
Asset,sequences,multi_entity,True,Sequence,
Asset,updated_at,date_time,False,,
Asset,parents,multi_entity,True,Asset,
Asset,code,text,False,,
Asset,project,entity,False,Project,
Asset,assets,multi_entity,True,Asset,
Asset,created_by,entity,False,"HumanUser,ApiUser",
Asset,updated_by,entity,False,"HumanUser,ApiUser",
Asset,description,text,False,,
Asset,tags,multi_entity,True,Tag,
Asset,tasks,multi_entity,True,Task,
Asset,shots,multi_entity,True,Shot,
Asset,image,image,False,,
Asset,created_at,date_time,False,,
Asset,step_15,pivot_column,False,,
Asset,step_144,pivot_column,False,,
Asset,step_13,pivot_column,False,,
Asset,step_143,pivot_column,False,,
Asset,step_130,pivot_column,False,,
Asset,step_131,pivot_column,False,,
Asset,step_132,pivot_column,False,,
Asset,step_137,pivot_column,False,,
Asset,step_14,pivot_column,False,,
Asset,step_16,pivot_column,False,,
Asset,step_32,pivot_column,False,,
Asset,step_129,pivot_column,False,,
Asset,sg_asset_type,list,False,,
Asset,sg_status_list,status_list,False,,
AssetAssetConnection,cached_display_name,text,False,,
AssetAssetConnection,id,number,False,,
AssetAssetConnection,asset,entity,False,Asset,
AssetAssetConnection,parent,entity,False,Asset,
AssetBlendshapeConnection,asset,entity,False,Asset,
AssetBlendshapeConnection,blendshape,entity,False,,
AssetBlendshapeConnection,cached_display_name,text,False,,
AssetBlendshapeConnection,id,number,False,,
AssetElementConnection,asset,entity,False,Asset,
AssetElementConnection,element,entity,False,,
AssetElementConnection,cached_display_name,text,False,,
AssetElementConnection,id,number,False,,
AssetEpisodeConnection,cached_display_name,text,False,,
AssetEpisodeConnection,asset,entity,False,Asset,
AssetEpisodeConnection,episode,entity,False,Episode,
AssetEpisodeConnection,id,number,False,,
AssetLevelConnection,cached_display_name,text,False,,
AssetLevelConnection,asset,entity,False,Asset,
AssetLevelConnection,level,entity,False,Level,
AssetLevelConnection,id,number,False,,
AssetMocapTakeConnection,asset,entity,False,Asset,
AssetMocapTakeConnection,mocap_take,entity,False,MocapTake,
AssetMocapTakeConnection,cached_display_name,text,False,,
AssetMocapTakeConnection,id,number,False,,
AssetSceneConnection,scene,entity,False,,
AssetSceneConnection,asset,entity,False,Asset,
AssetSceneConnection,cached_display_name,text,False,,
AssetSceneConnection,id,number,False,,
AssetSequenceConnection,asset,entity,False,Asset,
AssetSequenceConnection,sequence,entity,False,Sequence,
AssetSequenceConnection,cached_display_name,text,False,,
AssetSequenceConnection,id,number,False,,
AssetShootDayConnection,asset,entity,False,Asset,
AssetShootDayConnection,shoot_day,entity,False,,
AssetShootDayConnection,cached_display_name,text,False,,
AssetShootDayConnection,id,number,False,,
AssetShotConnection,cached_display_name,text,False,,
AssetShotConnection,id,number,False,,
AssetShotConnection,shot,entity,False,Shot,
AssetShotConnection,asset,entity,False,Asset,
Asset_linked_projects_Connection,asset,entity,False,Asset,
Asset_linked_projects_Connection,project,entity,False,Project,
Asset_linked_projects_Connection,id,number,False,,
Asset_sg_vendor_groups_Connection,asset,entity,False,Asset,
Asset_sg_vendor_groups_Connection,group,entity,False,Group,
Asset_sg_vendor_groups_Connection,id,number,False,,
Attachment,file_size,number,False,,
Attachment,task_template,entity,False,TaskTemplate,
Attachment,attachment_reference_links,multi_entity,True,"Asset,Sequence,Shot,Version",
Attachment,cached_display_name,text,False,,
Attachment,filmstrip_image,image,False,,
Attachment,original_fname,text,False,,
Attachment,open_notes_count,summary,False,,
Attachment,id,number,False,,
Attachment,image_blur_hash,text,False,,
Attachment,image_source_entity,entity,False,"ApiUser,AppWelcome,Asset,Attachment,Banner,Booking,ClientUser,Composition,Contract,Cut,CutItem,Department,Episode,Group,HumanUser,Icon,Level,LocalStorage,MocapPass,MocapSetup,MocapTake,MocapTakeRange,Note,Page,Performer,PermissionRuleSet,Phase,PipelineConfiguration,Playlist,Project,PublishedFile,PublishedFileDependency,PublishedFileType,Routine,RvLicense,Sequence,Shot,Software,Status,Step,Tag,Task,TaskTemplate,Version",
Attachment,attachment_links,multi_entity,True,"Asset,Sequence,Shot,Version,Note,PipelineConfiguration",
Attachment,processing_status,list,False,,
Attachment,this_file,url,False,,
Attachment,updated_at,date_time,False,,
Attachment,open_notes,multi_entity,True,Note,
Attachment,created_by,entity,False,"HumanUser,ApiUser",
Attachment,project,entity,False,Project,
Attachment,sg_status_list,status_list,False,,
Attachment,updated_by,entity,False,"HumanUser,ApiUser",
Attachment,notes,multi_entity,True,Note,
Attachment,file_extension,text,False,,
Attachment,description,text,False,,
Attachment,filename,text,False,,
Attachment,tags,multi_entity,True,Tag,
Attachment,display_name,text,False,,
Attachment,sg_type,text,False,,
Attachment,image,image,False,,
Attachment,created_at,date_time,False,,
Attachment,metadata,text,False,,
BannerUserConnection,banner,entity,False,Banner,
BannerUserConnection,user,entity,False,HumanUser,
BannerUserConnection,cached_display_name,text,False,,
BannerUserConnection,id,number,False,,
Booking,user,entity,False,HumanUser,
Booking,start_date,date,False,,
Booking,end_date,date,False,,
Booking,note,text,False,,
Booking,vacation,checkbox,False,,
Booking,cached_display_name,text,False,,
Booking,created_by,entity,False,"HumanUser,ApiUser",
Booking,updated_by,entity,False,"HumanUser,ApiUser",
Booking,created_at,date_time,False,,
Booking,updated_at,date_time,False,,
Booking,id,number,False,,
Booking,project,entity,False,Project,
Booking,percent_allocation,percent,False,,
Booking,sg_status_list,status_list,False,,
Booking,notes,multi_entity,True,Note,
Booking,open_notes,multi_entity,True,Note,
Booking,open_notes_count,summary,False,,
CameraMocapTakeConnection,camera,entity,False,,
CameraMocapTakeConnection,mocap_take,entity,False,MocapTake,
CameraMocapTakeConnection,cached_display_name,text,False,,
CameraMocapTakeConnection,id,number,False,,
ClientUser,firstname,text,False,,
ClientUser,lastname,text,False,,
ClientUser,name,text,False,,
ClientUser,email,text,False,,
ClientUser,password_proxy,password,False,,
ClientUser,password_change_next_login,checkbox,False,,
ClientUser,password_strength,float,False,,
ClientUser,created_by,entity,False,"HumanUser,ApiUser",
ClientUser,updated_by,entity,False,"HumanUser,ApiUser",
ClientUser,cached_display_name,text,False,,
ClientUser,locked_until,date_time,False,,
ClientUser,sg_status_list,status_list,False,,
ClientUser,created_at,date_time,False,,
ClientUser,updated_at,date_time,False,,
ClientUser,email_client_review_site_comments,checkbox,False,,
ClientUser,email_client_review_site_new_versions,checkbox,False,,
ClientUser,email_client_review_site_version_approved,checkbox,False,,
ClientUser,id,number,False,,
ClientUser,tags,multi_entity,True,Tag,
ClientUser,image_blur_hash,text,False,,
ClientUser,language,list,False,,
ClientUser,image,image,False,,
ClientUser,image_source_entity,entity,False,"ApiUser,AppWelcome,Asset,Attachment,Banner,Booking,ClientUser,Composition,Contract,Cut,CutItem,Department,Episode,Group,HumanUser,Icon,Level,LocalStorage,MocapPass,MocapSetup,MocapTake,MocapTakeRange,Note,Page,Performer,PermissionRuleSet,Phase,PipelineConfiguration,Playlist,Project,PublishedFile,PublishedFileDependency,PublishedFileType,Routine,RvLicense,Sequence,Shot,Software,Status,Step,Tag,Task,TaskTemplate,Version",
Composition,image_blur_hash,text,False,,
Composition,id,number,False,,
Composition,code,text,False,,
Composition,description,text,False,,
Composition,image,image,False,,
Composition,filmstrip_image,image,False,,
Composition,project,entity,False,Project,
Composition,tags,multi_entity,True,Tag,
Composition,created_at,date_time,False,,
Composition,updated_at,date_time,False,,
Composition,created_by,entity,False,"HumanUser,ApiUser",
Composition,updated_by,entity,False,"HumanUser,ApiUser",
Composition,cached_display_name,text,False,,
Composition,content,entity,False,Attachment,
Composition,composition_links,multi_entity,True,"Attachment,Asset,Shot",
Composition,image_source_entity,entity,False,"ApiUser,AppWelcome,Asset,Attachment,Banner,Booking,ClientUser,Composition,Contract,Cut,CutItem,Department,Episode,Group,HumanUser,Icon,Level,LocalStorage,MocapPass,MocapSetup,MocapTake,MocapTakeRange,Note,Page,Performer,PermissionRuleSet,Phase,PipelineConfiguration,Playlist,Project,PublishedFile,PublishedFileDependency,PublishedFileType,Routine,RvLicense,Sequence,Shot,Software,Status,Step,Tag,Task,TaskTemplate,Version",
Cut,cached_display_name,text,False,,
Cut,filmstrip_image,image,False,,
Cut,revision_number,number,False,,
Cut,timecode_start_text,text,False,,
Cut,timecode_end_text,text,False,,
Cut,version,entity,False,Version,
Cut,sg_status_list,status_list,False,,
Cut,attachments,multi_entity,True,Attachment,
Cut,cut_items,multi_entity,True,CutItem,
Cut,duration,number,False,,
Cut,fps,float,False,,
Cut,entity,entity,False,"Sequence,Episode",
Cut,id,number,False,,
Cut,image_source_entity,entity,False,"ApiUser,AppWelcome,Asset,Attachment,Banner,Booking,ClientUser,Composition,Contract,Cut,CutItem,Department,Episode,Group,HumanUser,Icon,Level,LocalStorage,MocapPass,MocapSetup,MocapTake,MocapTakeRange,Note,Page,Performer,PermissionRuleSet,Phase,PipelineConfiguration,Playlist,Project,PublishedFile,PublishedFileDependency,PublishedFileType,Routine,RvLicense,Sequence,Shot,Software,Status,Step,Tag,Task,TaskTemplate,Version",
Cut,updated_at,date_time,False,,
Cut,code,text,False,,
Cut,sg_cut_type,list,False,,
Cut,image_blur_hash,text,False,,
Cut,created_by,entity,False,"HumanUser,ApiUser",
Cut,project,entity,False,Project,
Cut,updated_by,entity,False,"HumanUser,ApiUser",
Cut,description,text,False,,
Cut,notes,multi_entity,True,Note,
Cut,open_notes,multi_entity,True,Note,
Cut,open_notes_count,summary,False,,
Cut,tags,multi_entity,True,Tag,
Cut,image,image,False,,
Cut,created_at,date_time,False,,
CutItem,cached_display_name,text,False,,
CutItem,filmstrip_image,image,False,,
CutItem,cut,entity,False,Cut,
CutItem,cut_order,number,False,,
CutItem,edit_in,number,False,,
CutItem,edit_out,number,False,,
CutItem,shot,entity,False,Shot,
CutItem,cut_item_in,number,False,,
CutItem,cut_item_out,number,False,,
CutItem,cut_item_duration,number,False,,
CutItem,timecode_edit_in_text,text,False,,
CutItem,timecode_edit_out_text,text,False,,
CutItem,timecode_cut_item_in_text,text,False,,
CutItem,timecode_cut_item_out_text,text,False,,
CutItem,version,entity,False,Version,
CutItem,id,number,False,,
CutItem,image_source_entity,entity,False,"ApiUser,AppWelcome,Asset,Attachment,Banner,Booking,ClientUser,Composition,Contract,Cut,CutItem,Department,Episode,Group,HumanUser,Icon,Level,LocalStorage,MocapPass,MocapSetup,MocapTake,MocapTakeRange,Note,Page,Performer,PermissionRuleSet,Phase,PipelineConfiguration,Playlist,Project,PublishedFile,PublishedFileDependency,PublishedFileType,Routine,RvLicense,Sequence,Shot,Software,Status,Step,Tag,Task,TaskTemplate,Version",
CutItem,image_blur_hash,text,False,,
CutItem,updated_at,date_time,False,,
CutItem,code,text,False,,
CutItem,created_by,entity,False,"HumanUser,ApiUser",
CutItem,project,entity,False,Project,
CutItem,updated_by,entity,False,"HumanUser,ApiUser",
CutItem,description,text,False,,
CutItem,tags,multi_entity,True,Tag,
CutItem,image,image,False,,
CutItem,created_at,date_time,False,,
CutVersionConnection,sg_cut_in,number,False,,
CutVersionConnection,sg_cut_out,number,False,,
CutVersionConnection,sg_cut_duration,number,False,,
CutVersionConnection,sg_cut_order,number,False,,
CutVersionConnection,sg_cut_comments,text,False,,
CutVersionConnection,cut,entity,False,Cut,
CutVersionConnection,version,entity,False,Version,
CutVersionConnection,cached_display_name,text,False,,
CutVersionConnection,id,number,False,,
Department,color,color,False,,
Department,name,text,False,,
Department,code,text,False,,
Department,users,multi_entity,True,HumanUser,
Department,department_type,list,False,,
Department,list_order,number,False,,
Department,cached_display_name,text,False,,
Department,created_by,entity,False,"HumanUser,ApiUser",
Department,updated_by,entity,False,"HumanUser,ApiUser",
Department,created_at,date_time,False,,
Department,sg_status_list,status_list,False,,
Department,updated_at,date_time,False,,
Department,id,number,False,,
Department,tags,multi_entity,True,Tag,
Department,image,image,False,,
Department,image_source_entity,entity,False,"ApiUser,AppWelcome,Asset,Attachment,Banner,Booking,ClientUser,Composition,Contract,Cut,CutItem,Department,Episode,Group,HumanUser,Icon,Level,LocalStorage,MocapPass,MocapSetup,MocapTake,MocapTakeRange,Note,Page,Performer,PermissionRuleSet,Phase,PipelineConfiguration,Playlist,Project,PublishedFile,PublishedFileDependency,PublishedFileType,Routine,RvLicense,Sequence,Shot,Software,Status,Step,Tag,Task,TaskTemplate,Version",
Department,image_blur_hash,text,False,,
Department,steps,multi_entity,True,Step,
Department,notes,multi_entity,True,Note,
Department,open_notes,multi_entity,True,Note,
Department,open_notes_count,summary,False,,
ElementShotConnection,element,entity,False,,
ElementShotConnection,shot,entity,False,Shot,
ElementShotConnection,cached_display_name,text,False,,
ElementShotConnection,id,number,False,,
Episode,created_at,date_time,False,,
Episode,updated_at,date_time,False,,
Episode,created_by,entity,False,"HumanUser,ApiUser",
Episode,updated_by,entity,False,"HumanUser,ApiUser",
Episode,cached_display_name,text,False,,
Episode,sequences,multi_entity,True,Sequence,
Episode,sg_status_list,status_list,False,,
Episode,assets,multi_entity,True,Asset,
Episode,cuts,multi_entity,True,Cut,
Episode,description,text,False,,
Episode,code,text,False,,
Episode,project,entity,False,Project,
Episode,id,number,False,,
Episode,tags,multi_entity,True,Tag,
Episode,image,image,False,,
Episode,image_source_entity,entity,False,"ApiUser,AppWelcome,Asset,Attachment,Banner,Booking,ClientUser,Composition,Contract,Cut,CutItem,Department,Episode,Group,HumanUser,Icon,Level,LocalStorage,MocapPass,MocapSetup,MocapTake,MocapTakeRange,Note,Page,Performer,PermissionRuleSet,Phase,PipelineConfiguration,Playlist,Project,PublishedFile,PublishedFileDependency,PublishedFileType,Routine,RvLicense,Sequence,Shot,Software,Status,Step,Tag,Task,TaskTemplate,Version",
Episode,image_blur_hash,text,False,,
Episode,notes,multi_entity,True,Note,
Episode,open_notes,multi_entity,True,Note,
Episode,open_notes_count,summary,False,,
EventLogEntry,session_uuid,uuid,False,,
EventLogEntry,cached_display_name,text,False,,
EventLogEntry,filmstrip_image,image,False,,
EventLogEntry,id,number,False,,
EventLogEntry,image_source_entity,entity,False,"ApiUser,AppWelcome,Asset,Attachment,Banner,Booking,ClientUser,Composition,Contract,Cut,CutItem,Department,Episode,Group,HumanUser,Icon,Level,LocalStorage,MocapPass,MocapSetup,MocapTake,MocapTakeRange,Note,Page,Performer,PermissionRuleSet,Phase,PipelineConfiguration,Playlist,Project,PublishedFile,PublishedFileDependency,PublishedFileType,Routine,RvLicense,Sequence,Shot,Software,Status,Step,Tag,Task,TaskTemplate,Version",
EventLogEntry,image_blur_hash,text,False,,
EventLogEntry,user,entity,False,"HumanUser,ApiUser",
EventLogEntry,project,entity,False,Project,
EventLogEntry,entity,entity,False,"ApiUser,AppWelcome,Asset,Attachment,Banner,Booking,ClientUser,Composition,Contract,Cut,CutItem,Department,Episode,Group,HumanUser,Icon,Level,LocalStorage,MocapPass,MocapSetup,MocapTake,MocapTakeRange,Note,Page,Performer,PermissionRuleSet,Phase,PipelineConfiguration,Playlist,Project,PublishedFile,PublishedFileDependency,PublishedFileType,Routine,RvLicense,Sequence,Shot,Software,Status,Step,Tag,Task,TaskTemplate,Version",
EventLogEntry,meta,serializable,False,,
EventLogEntry,description,text,False,,
EventLogEntry,attribute_name,text,False,,
EventLogEntry,event_type,text,False,,
EventLogEntry,image,image,False,,
EventLogEntry,created_at,date_time,False,,
FilesystemLocation,cached_display_name,text,False,,
FilesystemLocation,path,url,False,,
FilesystemLocation,entity,entity,False,"Asset,Shot,Sequence",
FilesystemLocation,is_primary,checkbox,False,,
FilesystemLocation,configuration_metadata,text,False,,
FilesystemLocation,linked_entity_id,number,False,,
FilesystemLocation,linked_entity_type,text,False,,
FilesystemLocation,code,text,False,,
FilesystemLocation,pipeline_configuration,entity,False,PipelineConfiguration,
FilesystemLocation,created_by,entity,False,"HumanUser,ApiUser",
FilesystemLocation,updated_by,entity,False,"HumanUser,ApiUser",
FilesystemLocation,created_at,date_time,False,,
FilesystemLocation,updated_at,date_time,False,,
FilesystemLocation,id,number,False,,
FilesystemLocation,project,entity,False,Project,
Group,cached_display_name,text,False,,
Group,id,number,False,,
Group,asset_sg_vendor_groups_assets,multi_entity,True,Asset,
Group,launch_sg_vendor_groups_launches,multi_entity,True,,
Group,sequence_sg_vendor_groups_sequences,multi_entity,True,Sequence,
Group,sg_people,multi_entity,True,HumanUser,
Group,shot_sg_vendor_groups_shots,multi_entity,True,Shot,
Group,notes,multi_entity,True,Note,
Group,open_notes,multi_entity,True,Note,
Group,open_notes_count,summary,False,,
Group,updated_at,date_time,False,,
Group,code,text,False,,
Group,created_by,entity,False,"HumanUser,ApiUser",
Group,updated_by,entity,False,"HumanUser,ApiUser",
Group,tags,multi_entity,True,Tag,
Group,users,multi_entity,True,HumanUser,
Group,created_at,date_time,False,,
GroupUserConnection,group,entity,False,Group,
GroupUserConnection,user,entity,False,HumanUser,
GroupUserConnection,cached_display_name,text,False,,
GroupUserConnection,id,number,False,,
HumanUser,autodesk_identity_invite_expiry_date,date,False,,
HumanUser,email_versions,checkbox,False,,
HumanUser,bookings,multi_entity,True,Booking,
HumanUser,percent_capacity,percent,False,,
HumanUser,enable_tank_integration,checkbox,False,,
HumanUser,email_deliveries,checkbox,False,,
HumanUser,email_version_link_cc,checkbox,False,,
HumanUser,email_all_deliveries,checkbox,False,,
HumanUser,department,entity,False,Department,
HumanUser,email_tickets,checkbox,False,,
HumanUser,projects,multi_entity,True,Project,
HumanUser,email_tasks,checkbox,False,,
HumanUser,sg_employee_id,text,False,,
HumanUser,email_all_security,checkbox,False,,
HumanUser,locked_until,date_time,False,,
HumanUser,email_inbox_notes,checkbox,False,,
HumanUser,cached_display_name,text,False,,
HumanUser,email_inbox_general,checkbox,False,,
HumanUser,sg_designation,text,False,,
HumanUser,filmstrip_image,image,False,,
HumanUser,custom_home_page,entity,False,Page,
HumanUser,sg_date_of_joining,date,False,,
HumanUser,sg_phone_no,text,False,,
HumanUser,sg_costtocompany,checkbox,False,,
HumanUser,sg_int_status,list,False,,
HumanUser,sg_total_workingdays,calculated,False,,
HumanUser,sg_job_title,text,False,,
HumanUser,password_change_next_login,checkbox,False,,
HumanUser,sg_type,list,False,,
HumanUser,id,number,False,,
HumanUser,password_strength,float,False,,
HumanUser,pipeline_configurations,multi_entity,True,PipelineConfiguration,
HumanUser,merge_in_progress,percent,False,,
HumanUser,sso_login,text,False,,
HumanUser,email_all_versions,checkbox,False,,
HumanUser,banners,multi_entity,True,,
HumanUser,ui_theme,list,False,,
HumanUser,email_all_notes,checkbox,False,,
HumanUser,email_all_tickets,checkbox,False,,
HumanUser,email_all_tasks,checkbox,False,,
HumanUser,password_set,checkbox,False,,
HumanUser,oxygen_user_id,text,False,,
HumanUser,language,list,False,,
HumanUser,image_source_entity,entity,False,"ApiUser,AppWelcome,Asset,Attachment,Banner,Booking,ClientUser,Composition,Contract,Cut,CutItem,Department,Episode,Group,HumanUser,Icon,Level,LocalStorage,MocapPass,MocapSetup,MocapTake,MocapTakeRange,Note,Page,Performer,PermissionRuleSet,Phase,PipelineConfiguration,Playlist,Project,PublishedFile,PublishedFileDependency,PublishedFileType,Routine,RvLicense,Sequence,Shot,Software,Status,Step,Tag,Task,TaskTemplate,Version",
HumanUser,sg_status_list,status_list,False,,
HumanUser,welcome_page_visited,checkbox,False,,
HumanUser,sg_current_month_mandays,summary,False,,
HumanUser,sg_vendor_group,entity,False,Group,
HumanUser,profile_data_page_visited,checkbox,False,,
HumanUser,sg_category,list,False,,
HumanUser,sg_previous_month_mandays,summary,False,,
HumanUser,sg_total_actuals,summary,False,,
HumanUser,image_blur_hash,text,False,,
HumanUser,can_impersonate_this_user,checkbox,False,,
HumanUser,app_welcomes,multi_entity,True,AppWelcome,
HumanUser,profile_role,list,False,,
HumanUser,analytics_truth_finder_onboarded,checkbox,False,,
HumanUser,can_see_media_download_links,checkbox,False,,
HumanUser,autodesk_account_status,text,False,,
HumanUser,contracts,multi_entity,True,Contract,
HumanUser,autodesk_pat_assigned,checkbox,False,,
HumanUser,whats_new_version,text,False,,
HumanUser,name,text,False,,
HumanUser,updated_at,date_time,False,,
HumanUser,groups,multi_entity,True,Group,
HumanUser,password_proxy,password,False,,
HumanUser,created_by,entity,False,"HumanUser,ApiUser",
HumanUser,permission_rule_set,entity,False,PermissionRuleSet,
HumanUser,lastname,text,False,,
HumanUser,firstname,text,False,,
HumanUser,updated_by,entity,False,"HumanUser,ApiUser",
HumanUser,file_access,checkbox,False,,
HumanUser,tags,multi_entity,True,Tag,
HumanUser,login,text,False,,
HumanUser,email_notes,checkbox,False,,
HumanUser,image,image,False,,
HumanUser,email,text,False,,
HumanUser,created_at,date_time,False,,
Icon,html,text,False,,
Icon,name,text,False,,
Icon,image_map_key,text,False,,
Icon,url,text,False,,
Icon,image_data,text,False,,
Icon,icon_type,list,False,,
Icon,display_type,list,False,,
Icon,cached_display_name,text,False,,
Icon,uuid,uuid,False,,
Icon,id,number,False,,
LaunchSceneConnection,launch,entity,False,,
LaunchSceneConnection,scene,entity,False,,
LaunchSceneConnection,cached_display_name,text,False,,
LaunchSceneConnection,id,number,False,,
LaunchShotConnection,launch,entity,False,,
LaunchShotConnection,shot,entity,False,Shot,
LaunchShotConnection,cached_display_name,text,False,,
LaunchShotConnection,id,number,False,,
Launch_sg_vendor_groups_Connection,launch,entity,False,,
Launch_sg_vendor_groups_Connection,group,entity,False,Group,
Launch_sg_vendor_groups_Connection,id,number,False,,
Level,code,text,False,,
Level,description,text,False,,
Level,sg_versions,multi_entity,True,Version,
Level,sg_published_files,multi_entity,True,PublishedFile,
Level,assets,multi_entity,True,Asset,
Level,created_at,date_time,False,,
Level,updated_at,date_time,False,,
Level,created_by,entity,False,"HumanUser,ApiUser",
Level,updated_by,entity,False,"HumanUser,ApiUser",
Level,cached_display_name,text,False,,
Level,task_template,entity,False,TaskTemplate,
Level,tasks,multi_entity,True,Task,
Level,step_0,pivot_column,False,,
Level,parent,entity,False,Level,
Level,sub_levels,multi_entity,True,Level,
Level,step_120,pivot_column,False,,
Level,step_121,pivot_column,False,,
Level,step_122,pivot_column,False,,
Level,step_123,pivot_column,False,,
Level,step_124,pivot_column,False,,
Level,step_125,pivot_column,False,,
Level,step_127,pivot_column,False,,
Level,step_119,pivot_column,False,,
Level,id,number,False,,
Level,project,entity,False,Project,
Level,tags,multi_entity,True,Tag,
Level,image,image,False,,
Level,image_source_entity,entity,False,"ApiUser,AppWelcome,Asset,Attachment,Banner,Booking,ClientUser,Composition,Contract,Cut,CutItem,Department,Episode,Group,HumanUser,Icon,Level,LocalStorage,MocapPass,MocapSetup,MocapTake,MocapTakeRange,Note,Page,Performer,PermissionRuleSet,Phase,PipelineConfiguration,Playlist,Project,PublishedFile,PublishedFileDependency,PublishedFileType,Routine,RvLicense,Sequence,Shot,Software,Status,Step,Tag,Task,TaskTemplate,Version",
Level,step_126,pivot_column,False,,
Level,step_128,pivot_column,False,,
Level,sg_status_list,status_list,False,,
Level,image_blur_hash,text,False,,
Level,notes,multi_entity,True,Note,
Level,open_notes,multi_entity,True,Note,
Level,open_notes_count,summary,False,,
LocalStorage,mac_path,text,False,,
LocalStorage,code,text,False,,
LocalStorage,description,text,False,,
LocalStorage,windows_path,text,False,,
LocalStorage,linux_path,text,False,,
LocalStorage,cached_display_name,text,False,,
LocalStorage,created_by,entity,False,"HumanUser,ApiUser",
LocalStorage,updated_by,entity,False,"HumanUser,ApiUser",
LocalStorage,created_at,date_time,False,,
LocalStorage,updated_at,date_time,False,,
LocalStorage,uuid,uuid,False,,
LocalStorage,id,number,False,,
MocapPass,code,text,False,,
MocapPass,description,text,False,,
MocapPass,cached_display_name,text,False,,
MocapPass,filmstrip_image,image,False,,
MocapPass,created_by,entity,False,"HumanUser,ApiUser",
MocapPass,updated_by,entity,False,"HumanUser,ApiUser",
MocapPass,updated_at,date_time,False,,
MocapPass,created_at,date_time,False,,
MocapPass,sg_status_list,status_list,False,,
MocapPass,id,number,False,,
MocapPass,project,entity,False,Project,
MocapPass,tags,multi_entity,True,Tag,
MocapPass,image,image,False,,
MocapPass,image_source_entity,entity,False,"ApiUser,AppWelcome,Asset,Attachment,Banner,Booking,ClientUser,Composition,Contract,Cut,CutItem,Department,Episode,Group,HumanUser,Icon,Level,LocalStorage,MocapPass,MocapSetup,MocapTake,MocapTakeRange,Note,Page,Performer,PermissionRuleSet,Phase,PipelineConfiguration,Playlist,Project,PublishedFile,PublishedFileDependency,PublishedFileType,Routine,RvLicense,Sequence,Shot,Software,Status,Step,Tag,Task,TaskTemplate,Version",
MocapPass,image_blur_hash,text,False,,
MocapPass,notes,multi_entity,True,Note,
MocapPass,open_notes,multi_entity,True,Note,
MocapPass,open_notes_count,summary,False,,
MocapSetup,code,text,False,,
MocapSetup,description,text,False,,
MocapSetup,cached_display_name,text,False,,
MocapSetup,sg_shoot_day,entity,False,,
MocapSetup,filmstrip_image,image,False,,
MocapSetup,created_by,entity,False,"HumanUser,ApiUser",
MocapSetup,updated_by,entity,False,"HumanUser,ApiUser",
MocapSetup,task_template,entity,False,TaskTemplate,
MocapSetup,tasks,multi_entity,True,Task,
MocapSetup,step_0,pivot_column,False,,
MocapSetup,created_at,date_time,False,,
MocapSetup,sg_status_list,status_list,False,,
MocapSetup,updated_at,date_time,False,,
MocapSetup,id,number,False,,
MocapSetup,project,entity,False,Project,
MocapSetup,tags,multi_entity,True,Tag,
MocapSetup,image,image,False,,
MocapSetup,image_source_entity,entity,False,"ApiUser,AppWelcome,Asset,Attachment,Banner,Booking,ClientUser,Composition,Contract,Cut,CutItem,Department,Episode,Group,HumanUser,Icon,Level,LocalStorage,MocapPass,MocapSetup,MocapTake,MocapTakeRange,Note,Page,Performer,PermissionRuleSet,Phase,PipelineConfiguration,Playlist,Project,PublishedFile,PublishedFileDependency,PublishedFileType,Routine,RvLicense,Sequence,Shot,Software,Status,Step,Tag,Task,TaskTemplate,Version",
MocapSetup,image_blur_hash,text,False,,
MocapSetup,notes,multi_entity,True,Note,
MocapSetup,open_notes,multi_entity,True,Note,
MocapSetup,open_notes_count,summary,False,,
MocapTake,code,text,False,,
MocapTake,description,text,False,,
MocapTake,physical_assets,multi_entity,True,,
MocapTake,cameras,multi_entity,True,,
MocapTake,assets,multi_entity,True,Asset,
MocapTake,tags,multi_entity,True,Tag,
MocapTake,cached_display_name,text,False,,
MocapTake,sg_shoot_day,entity,False,,
MocapTake,sg_select,checkbox,False,,
MocapTake,sg_n_g,checkbox,False,,
MocapTake,sg_setup,entity,False,MocapSetup,
MocapTake,sg_client_select,checkbox,False,,
MocapTake,filmstrip_image,image,False,,
MocapTake,created_by,entity,False,"HumanUser,ApiUser",
MocapTake,updated_by,entity,False,"HumanUser,ApiUser",
MocapTake,task_template,entity,False,TaskTemplate,
MocapTake,tasks,multi_entity,True,Task,
MocapTake,step_0,pivot_column,False,,
MocapTake,sg_mocap_take_ranges,multi_entity,True,MocapTakeRange,
MocapTake,created_at,date_time,False,,
MocapTake,updated_at,date_time,False,,
MocapTake,sg_status_list,status_list,False,,
MocapTake,project,entity,False,Project,
MocapTake,sg_versions,multi_entity,True,Version,
MocapTake,id,number,False,,
MocapTake,image,image,False,,
MocapTake,image_source_entity,entity,False,"ApiUser,AppWelcome,Asset,Attachment,Banner,Booking,ClientUser,Composition,Contract,Cut,CutItem,Department,Episode,Group,HumanUser,Icon,Level,LocalStorage,MocapPass,MocapSetup,MocapTake,MocapTakeRange,Note,Page,Performer,PermissionRuleSet,Phase,PipelineConfiguration,Playlist,Project,PublishedFile,PublishedFileDependency,PublishedFileType,Routine,RvLicense,Sequence,Shot,Software,Status,Step,Tag,Task,TaskTemplate,Version",
MocapTake,performers,multi_entity,True,Performer,
MocapTake,sg_routine,entity,False,Routine,
MocapTake,image_blur_hash,text,False,,
MocapTake,notes,multi_entity,True,Note,
MocapTake,open_notes,multi_entity,True,Note,
MocapTake,open_notes_count,summary,False,,
MocapTakeRange,code,text,False,,
MocapTakeRange,description,text,False,,
MocapTakeRange,shots,multi_entity,True,Shot,
MocapTakeRange,cached_display_name,text,False,,
MocapTakeRange,filmstrip_image,image,False,,
MocapTakeRange,created_by,entity,False,"HumanUser,ApiUser",
MocapTakeRange,updated_by,entity,False,"HumanUser,ApiUser",
MocapTakeRange,task_template,entity,False,TaskTemplate,
MocapTakeRange,tasks,multi_entity,True,Task,
MocapTakeRange,step_0,pivot_column,False,,
MocapTakeRange,sg_mocap_take,entity,False,MocapTake,
MocapTakeRange,created_at,date_time,False,,
MocapTakeRange,updated_at,date_time,False,,
MocapTakeRange,sg_status_list,status_list,False,,
MocapTakeRange,id,number,False,,
MocapTakeRange,project,entity,False,Project,
MocapTakeRange,tags,multi_entity,True,Tag,
MocapTakeRange,image,image,False,,
MocapTakeRange,image_source_entity,entity,False,"ApiUser,AppWelcome,Asset,Attachment,Banner,Booking,ClientUser,Composition,Contract,Cut,CutItem,Department,Episode,Group,HumanUser,Icon,Level,LocalStorage,MocapPass,MocapSetup,MocapTake,MocapTakeRange,Note,Page,Performer,PermissionRuleSet,Phase,PipelineConfiguration,Playlist,Project,PublishedFile,PublishedFileDependency,PublishedFileType,Routine,RvLicense,Sequence,Shot,Software,Status,Step,Tag,Task,TaskTemplate,Version",
MocapTakeRange,image_blur_hash,text,False,,
MocapTakeRange,notes,multi_entity,True,Note,
MocapTakeRange,open_notes,multi_entity,True,Note,
MocapTakeRange,open_notes_count,summary,False,,
MocapTakeRangeShotConnection,mocap_take_range,entity,False,MocapTakeRange,
MocapTakeRangeShotConnection,shot,entity,False,Shot,
MocapTakeRangeShotConnection,cached_display_name,text,False,,
MocapTakeRangeShotConnection,id,number,False,,
Note,tasks,multi_entity,True,Task,
Note,playlist,entity,False,Playlist,
Note,attachments,multi_entity,True,Attachment,
Note,replies,multi_entity,True,Reply,
Note,client_note,checkbox,False,,
Note,cached_display_name,text,False,,
Note,updated_by,entity,False,"HumanUser,ApiUser",
Note,otio_playable,text,False,,
Note,updated_at,date_time,False,,
Note,sg_status_list,status_list,False,,
Note,client_approved,checkbox,False,,
Note,suppress_email_notif,checkbox,False,,
Note,reply_content,text,False,,
Note,id,number,False,,
Note,notes_app_context,entity,False,"Playlist,CutItem,Cut",
Note,filmstrip_image,image,False,,
Note,composition,entity,False,Composition,
Note,image,image,False,,
Note,image_source_entity,entity,False,"ApiUser,AppWelcome,Asset,Attachment,Banner,Booking,ClientUser,Composition,Contract,Cut,CutItem,Department,Episode,Group,HumanUser,Icon,Level,LocalStorage,MocapPass,MocapSetup,MocapTake,MocapTakeRange,Note,Page,Performer,PermissionRuleSet,Phase,PipelineConfiguration,Playlist,Project,PublishedFile,PublishedFileDependency,PublishedFileType,Routine,RvLicense,Sequence,Shot,Software,Status,Step,Tag,Task,TaskTemplate,Version",
Note,image_blur_hash,text,False,,
Note,publish_status,text,False,,
Note,user,entity,False,"HumanUser,ApiUser",
Note,note_links,multi_entity,True,"Asset,Booking,Cut,Department,Group,Phase,Playlist,Sequence,Shot,TaskTemplate,Version,Level,Episode,MocapPass,MocapSetup,MocapTake,MocapTakeRange,Routine,Performer,Contract",
Note,addressings_to,multi_entity,True,"Group,HumanUser",
Note,created_by,entity,False,"HumanUser,ApiUser,ClientUser",
Note,project,entity,False,Project,
Note,subject,text,False,,
Note,content,text,False,,
Note,tags,multi_entity,True,Tag,
Note,addressings_cc,multi_entity,True,"Group,HumanUser",
Note,sg_note_type,list,False,,
Note,created_at,date_time,False,,
Page,name,text,False,,
Page,page_type,text,False,,
Page,shared,checkbox,False,,
Page,default_type,text,False,,
Page,accesses_by_current_user,number,False,,
Page,folder,text,False,,
Page,entity_type,entity_type,False,,
Page,last_accessed,date_time,False,,
Page,hits_last_month,number,False,,
Page,last_accessed_by_current_user,date_time,False,,
Page,current_user_favorite,checkbox,False,,
Page,description,text,False,,
Page,current_user_can_see,checkbox,False,,
Page,cached_display_name,text,False,,
Page,created_by,entity,False,"HumanUser,ApiUser",
Page,updated_by,entity,False,"HumanUser,ApiUser",
Page,created_at,date_time,False,,
Page,updated_at,date_time,False,,
Page,system_owned,checkbox,False,,
Page,id,number,False,,
Page,project,entity,False,Project,
Page,tags,multi_entity,True,Tag,
Page,ui_category,text,False,,
Page,admin,checkbox,False,,
PageHit,page,entity,False,Page,
PageHit,user,entity,False,HumanUser,
PageHit,cached_display_name,text,False,,
PageHit,created_at,date_time,False,,
PageHit,id,number,False,,
PageSetting,page,entity,False,Page,
PageSetting,user,entity,False,HumanUser,
PageSetting,settings_json,text,False,,
PageSetting,cached_display_name,text,False,,
PageSetting,created_at,date_time,False,,
PageSetting,id,number,False,,
Performer,code,text,False,,
Performer,description,text,False,,
Performer,sg_type,list,False,,
Performer,cached_display_name,text,False,,
Performer,sg_character,entity,False,Asset,
Performer,filmstrip_image,image,False,,
Performer,sg_gender,list,False,,
Performer,created_by,entity,False,"HumanUser,ApiUser",
Performer,updated_by,entity,False,"HumanUser,ApiUser",
Performer,updated_at,date_time,False,,
Performer,created_at,date_time,False,,
Performer,sg_status_list,status_list,False,,
Performer,project,entity,False,Project,
Performer,id,number,False,,
Performer,tags,multi_entity,True,Tag,
Performer,image,image,False,,
Performer,image_source_entity,entity,False,"ApiUser,AppWelcome,Asset,Attachment,Banner,Booking,ClientUser,Composition,Contract,Cut,CutItem,Department,Episode,Group,HumanUser,Icon,Level,LocalStorage,MocapPass,MocapSetup,MocapTake,MocapTakeRange,Note,Page,Performer,PermissionRuleSet,Phase,PipelineConfiguration,Playlist,Project,PublishedFile,PublishedFileDependency,PublishedFileType,Routine,RvLicense,Sequence,Shot,Software,Status,Step,Tag,Task,TaskTemplate,Version",
Performer,mocap_takes,multi_entity,True,MocapTake,
Performer,routines,multi_entity,True,Routine,
Performer,image_blur_hash,text,False,,
Performer,notes,multi_entity,True,Note,
Performer,open_notes,multi_entity,True,Note,
Performer,open_notes_count,summary,False,,
PerformerMocapTakeConnection,performer,entity,False,Performer,
PerformerMocapTakeConnection,mocap_take,entity,False,MocapTake,
PerformerMocapTakeConnection,cached_display_name,text,False,,
PerformerMocapTakeConnection,id,number,False,,
PerformerRoutineConnection,performer,entity,False,Performer,
PerformerRoutineConnection,routine,entity,False,Routine,
PerformerRoutineConnection,cached_display_name,text,False,,
PerformerRoutineConnection,id,number,False,,
PerformerShootDayConnection,performer,entity,False,Performer,
PerformerShootDayConnection,shoot_day,entity,False,,
PerformerShootDayConnection,cached_display_name,text,False,,
PerformerShootDayConnection,id,number,False,,
PermissionRuleSet,parent_set,entity,False,PermissionRuleSet,
PermissionRuleSet,code,text,False,,
PermissionRuleSet,display_name,text,False,,
PermissionRuleSet,entity_type,entity_type,False,,
PermissionRuleSet,cached_display_name,text,False,,
PermissionRuleSet,id,number,False,,
PermissionRuleSet,created_at,date_time,False,,
PermissionRuleSet,updated_at,date_time,False,,
PermissionRuleSet,created_by,entity,False,"HumanUser,ApiUser",
PermissionRuleSet,updated_by,entity,False,"HumanUser,ApiUser",
Phase,start_date,date,False,,
Phase,milestone,checkbox,False,,
Phase,end_date,date,False,,
Phase,description,text,False,,
Phase,color,color,False,,
Phase,code,text,False,,
Phase,cached_display_name,text,False,,
Phase,created_by,entity,False,"HumanUser,ApiUser",
Phase,updated_by,entity,False,"HumanUser,ApiUser",
Phase,created_at,date_time,False,,
Phase,updated_at,date_time,False,,
Phase,id,number,False,,
Phase,project,entity,False,Project,
Phase,notes,multi_entity,True,Note,
Phase,open_notes,multi_entity,True,Note,
Phase,open_notes_count,summary,False,,
PhysicalAssetMocapTakeConnection,physical_asset,entity,False,,
PhysicalAssetMocapTakeConnection,mocap_take,entity,False,MocapTake,
PhysicalAssetMocapTakeConnection,cached_display_name,text,False,,
PhysicalAssetMocapTakeConnection,id,number,False,,
PipelineConfiguration,image,image,False,,
PipelineConfiguration,code,text,False,,
PipelineConfiguration,description,text,False,,
PipelineConfiguration,mac_path,text,False,,
PipelineConfiguration,windows_path,text,False,,
PipelineConfiguration,linux_path,text,False,,
PipelineConfiguration,users,multi_entity,True,HumanUser,
PipelineConfiguration,cached_display_name,text,False,,
PipelineConfiguration,created_by,entity,False,"HumanUser,ApiUser",
PipelineConfiguration,updated_by,entity,False,"HumanUser,ApiUser",
PipelineConfiguration,updated_at,date_time,False,,
PipelineConfiguration,created_at,date_time,False,,
PipelineConfiguration,project,entity,False,Project,
PipelineConfiguration,id,number,False,,
PipelineConfiguration,tags,multi_entity,True,Tag,
PipelineConfiguration,plugin_ids,text,False,,
PipelineConfiguration,descriptor,text,False,,
PipelineConfiguration,uploaded_config,url,False,,
PipelineConfiguration,image_source_entity,entity,False,"ApiUser,AppWelcome,Asset,Attachment,Banner,Booking,ClientUser,Composition,Contract,Cut,CutItem,Department,Episode,Group,HumanUser,Icon,Level,LocalStorage,MocapPass,MocapSetup,MocapTake,MocapTakeRange,Note,Page,Performer,PermissionRuleSet,Phase,PipelineConfiguration,Playlist,Project,PublishedFile,PublishedFileDependency,PublishedFileType,Routine,RvLicense,Sequence,Shot,Software,Status,Step,Tag,Task,TaskTemplate,Version",
PipelineConfiguration,image_blur_hash,text,False,,
PipelineConfigurationUserConnection,pipeline_configuration,entity,False,PipelineConfiguration,
PipelineConfigurationUserConnection,user,entity,False,HumanUser,
PipelineConfigurationUserConnection,id,number,False,,
PipelineConfigurationUserConnection,cached_display_name,text,False,,
Playlist,description,text,False,,
Playlist,sg_date_and_time,date_time,False,,
Playlist,code,text,False,,
Playlist,versions,multi_entity,True,Version,
Playlist,locked,checkbox,False,,
Playlist,locked_at,date_time,False,,
Playlist,locked_by,entity,False,"HumanUser,ApiUser",
Playlist,external_share_count,number,False,,
Playlist,cached_display_name,text,False,,
Playlist,filmstrip_image,image,False,,
Playlist,created_by,entity,False,"HumanUser,ApiUser",
Playlist,updated_by,entity,False,"HumanUser,ApiUser",
Playlist,media_center_viewed_by_current_user,list,False,,
Playlist,media_center_viewed_by_current_user_at,date_time,False,,
Playlist,current_user_favorite,checkbox,False,,
Playlist,created_at,date_time,False,,
Playlist,updated_at,date_time,False,,
Playlist,id,number,False,,
Playlist,project,entity,False,Project,
Playlist,tags,multi_entity,True,Tag,
Playlist,image,image,False,,
Playlist,image_source_entity,entity,False,"ApiUser,AppWelcome,Asset,Attachment,Banner,Booking,ClientUser,Composition,Contract,Cut,CutItem,Department,Episode,Group,HumanUser,Icon,Level,LocalStorage,MocapPass,MocapSetup,MocapTake,MocapTakeRange,Note,Page,Performer,PermissionRuleSet,Phase,PipelineConfiguration,Playlist,Project,PublishedFile,PublishedFileDependency,PublishedFileType,Routine,RvLicense,Sequence,Shot,Software,Status,Step,Tag,Task,TaskTemplate,Version",
Playlist,image_blur_hash,text,False,,
Playlist,notes,multi_entity,True,Note,
Playlist,open_notes,multi_entity,True,Note,
Playlist,open_notes_count,summary,False,,
PlaylistShare,access_key,text,False,,
PlaylistShare,email_message,text,False,,
PlaylistShare,user,entity,False,"HumanUser,ClientUser",
PlaylistShare,playlist,entity,False,Playlist,
PlaylistShare,expiry_period,number,False,,
PlaylistShare,expiry_count,number,False,,
PlaylistShare,access_count,number,False,,
PlaylistShare,last_accessed,date_time,False,,
PlaylistShare,revoked_at,date_time,False,,
PlaylistShare,created_by,entity,False,"HumanUser,ApiUser",
PlaylistShare,updated_by,entity,False,"HumanUser,ApiUser",
PlaylistShare,cached_display_name,text,False,,
PlaylistShare,allow_download_source_file,checkbox,False,,
PlaylistShare,created_at,date_time,False,,
PlaylistShare,updated_at,date_time,False,,
PlaylistShare,revoked_by,entity,False,"HumanUser,ApiUser",
PlaylistShare,require_user_authentication,checkbox,False,,
PlaylistShare,can_see_notes,checkbox,False,,
PlaylistShare,display_thumbnails_in_emails,checkbox,False,,
PlaylistShare,downloaded_media,checkbox,False,,
PlaylistShare,group_id,number,False,,
PlaylistShare,id,number,False,,
PlaylistShare,tags,multi_entity,True,Tag,
PlaylistVersionConnection,version_review_message,text,False,,
PlaylistVersionConnection,playlist,entity,False,Playlist,
PlaylistVersionConnection,version,entity,False,Version,
PlaylistVersionConnection,cached_display_name,text,False,,
PlaylistVersionConnection,sg_sort_order,number,False,,
PlaylistVersionConnection,id,number,False,,
Project,tank_name,text,False,,
Project,end_date,date,False,,
Project,duration,number,False,,
Project,tracking_settings,serializable,False,,
Project,color,color,False,,
Project,users,multi_entity,True,HumanUser,
Project,layout_project,entity,False,Project,
Project,client_site_settings_saved,checkbox,False,,
Project,last_accessed_by_current_user,date_time,False,,
Project,start_date,date,False,,
Project,phases,multi_entity,True,Phase,
Project,cached_display_name,text,False,,
Project,billboard,url,False,,
Project,filmstrip_image,image,False,,
Project,is_template,checkbox,False,,
Project,sg_disable_media_uploads,checkbox,False,,
Project,sg_overall_actuals,summary,False,,
Project,is_demo,checkbox,False,,
Project,current_user_favorite,checkbox,False,,
Project,landing_page_url,url,False,,
Project,archived,checkbox,False,,
Project,id,number,False,,
Project,task_templates,multi_entity,True,TaskTemplate,
Project,image,image,False,,
Project,image_source_entity,entity,False,"ApiUser,AppWelcome,Asset,Attachment,Banner,Booking,ClientUser,Composition,Contract,Cut,CutItem,Department,Episode,Group,HumanUser,Icon,Level,LocalStorage,MocapPass,MocapSetup,MocapTake,MocapTakeRange,Note,Page,Performer,PermissionRuleSet,Phase,PipelineConfiguration,Playlist,Project,PublishedFile,PublishedFileDependency,PublishedFileType,Routine,RvLicense,Sequence,Shot,Software,Status,Step,Tag,Task,TaskTemplate,Version",
Project,image_blur_hash,text,False,,
Project,asset_linked_projects_assets,multi_entity,True,Asset,
Project,is_template_project,checkbox,False,,
Project,sg_description,text,False,,
Project,name,text,False,,
Project,sg_status,list,False,,
Project,updated_at,date_time,False,,
Project,code,text,False,,
Project,created_by,entity,False,"HumanUser,ApiUser",
Project,updated_by,entity,False,"HumanUser,ApiUser",
Project,tags,multi_entity,True,Tag,
Project,sg_type,list,False,,
Project,created_at,date_time,False,,
ProjectTaskTemplateConnection,cached_display_name,text,False,,
ProjectTaskTemplateConnection,project,entity,False,Project,
ProjectTaskTemplateConnection,task_template,entity,False,TaskTemplate,
ProjectTaskTemplateConnection,id,number,False,,
ProjectUserConnection,user,entity,False,HumanUser,
ProjectUserConnection,cached_display_name,text,False,,
ProjectUserConnection,id,number,False,,
ProjectUserConnection,project,entity,False,Project,
PublishedFile,code,text,False,,
PublishedFile,description,text,False,,
PublishedFile,name,text,False,,
PublishedFile,filmstrip_image,image,False,,
PublishedFile,path_cache,text,False,,
PublishedFile,path_cache_storage,entity,False,LocalStorage,
PublishedFile,version,entity,False,Version,
PublishedFile,task,entity,False,Task,
PublishedFile,path,url,False,,
PublishedFile,version_number,number,False,,
PublishedFile,cached_display_name,text,False,,
PublishedFile,updated_by,entity,False,"HumanUser,ApiUser",
PublishedFile,created_by,entity,False,"HumanUser,ApiUser",
PublishedFile,published_file_type,entity,False,PublishedFileType,
PublishedFile,sg_status_list,status_list,False,,
PublishedFile,updated_at,date_time,False,,
PublishedFile,created_at,date_time,False,,
PublishedFile,project,entity,False,Project,
PublishedFile,id,number,False,,
PublishedFile,tags,multi_entity,True,Tag,
PublishedFile,upstream_published_files,multi_entity,True,PublishedFile,
PublishedFile,downstream_published_files,multi_entity,True,PublishedFile,
PublishedFile,image,image,False,,
PublishedFile,image_source_entity,entity,False,"ApiUser,AppWelcome,Asset,Attachment,Banner,Booking,ClientUser,Composition,Contract,Cut,CutItem,Department,Episode,Group,HumanUser,Icon,Level,LocalStorage,MocapPass,MocapSetup,MocapTake,MocapTakeRange,Note,Page,Performer,PermissionRuleSet,Phase,PipelineConfiguration,Playlist,Project,PublishedFile,PublishedFileDependency,PublishedFileType,Routine,RvLicense,Sequence,Shot,Software,Status,Step,Tag,Task,TaskTemplate,Version",
PublishedFile,entity,entity,False,"Asset,Level,Shot,Sequence",
PublishedFile,image_blur_hash,text,False,,
PublishedFileDependency,dependent_published_file,entity,False,PublishedFile,
PublishedFileDependency,published_file,entity,False,PublishedFile,
PublishedFileDependency,cached_display_name,text,False,,
PublishedFileDependency,id,number,False,,
PublishedFileType,description,text,False,,
PublishedFileType,short_name,text,False,,
PublishedFileType,image,image,False,,
PublishedFileType,cached_display_name,text,False,,
PublishedFileType,created_by,entity,False,"HumanUser,ApiUser",
PublishedFileType,updated_by,entity,False,"HumanUser,ApiUser",
PublishedFileType,code,text,False,,
PublishedFileType,sg_status_list,status_list,False,,
PublishedFileType,created_at,date_time,False,,
PublishedFileType,updated_at,date_time,False,,
PublishedFileType,id,number,False,,
PublishedFileType,tags,multi_entity,True,Tag,
PublishedFileType,image_source_entity,entity,False,"ApiUser,AppWelcome,Asset,Attachment,Banner,Booking,ClientUser,Composition,Contract,Cut,CutItem,Department,Episode,Group,HumanUser,Icon,Level,LocalStorage,MocapPass,MocapSetup,MocapTake,MocapTakeRange,Note,Page,Performer,PermissionRuleSet,Phase,PipelineConfiguration,Playlist,Project,PublishedFile,PublishedFileDependency,PublishedFileType,Routine,RvLicense,Sequence,Shot,Software,Status,Step,Tag,Task,TaskTemplate,Version",
PublishedFileType,image_blur_hash,text,False,,
ReleaseTicketConnection,release,entity,False,,
ReleaseTicketConnection,ticket,entity,False,,
ReleaseTicketConnection,cached_display_name,text,False,,
ReleaseTicketConnection,id,number,False,,
Reply,cached_display_name,text,False,,
Reply,id,number,False,,
Reply,publish_status,text,False,,
Reply,user,entity,False,"HumanUser,ApiUser,ClientUser",
Reply,entity,entity,False,"ApiUser,AppWelcome,Asset,Attachment,Banner,Booking,ClientUser,Composition,Contract,Cut,CutItem,Department,Episode,Group,HumanUser,Icon,Level,LocalStorage,MocapPass,MocapSetup,MocapTake,MocapTakeRange,Note,Page,Performer,PermissionRuleSet,Phase,PipelineConfiguration,Playlist,Project,PublishedFile,PublishedFileDependency,PublishedFileType,Routine,RvLicense,Sequence,Shot,Software,Status,Step,Tag,Task,TaskTemplate,Version",
Reply,content,text,False,,
Reply,created_at,date_time,False,,
RevisionRevisionConnection,source_revision,entity,False,,
RevisionRevisionConnection,dest_revision,entity,False,,
RevisionRevisionConnection,cached_display_name,text,False,,
RevisionRevisionConnection,id,number,False,,
RevisionTicketConnection,revision,entity,False,,
RevisionTicketConnection,ticket,entity,False,,
RevisionTicketConnection,cached_display_name,text,False,,
RevisionTicketConnection,id,number,False,,
Routine,code,text,False,,
Routine,description,text,False,,
Routine,cached_display_name,text,False,,
Routine,sg_shoot_day,entity,False,,
Routine,filmstrip_image,image,False,,
Routine,created_by,entity,False,"HumanUser,ApiUser",
Routine,updated_by,entity,False,"HumanUser,ApiUser",
Routine,created_at,date_time,False,,
Routine,updated_at,date_time,False,,
Routine,sg_status_list,status_list,False,,
Routine,id,number,False,,
Routine,project,entity,False,Project,
Routine,tags,multi_entity,True,Tag,
Routine,image,image,False,,
Routine,image_source_entity,entity,False,"ApiUser,AppWelcome,Asset,Attachment,Banner,Booking,ClientUser,Composition,Contract,Cut,CutItem,Department,Episode,Group,HumanUser,Icon,Level,LocalStorage,MocapPass,MocapSetup,MocapTake,MocapTakeRange,Note,Page,Performer,PermissionRuleSet,Phase,PipelineConfiguration,Playlist,Project,PublishedFile,PublishedFileDependency,PublishedFileType,Routine,RvLicense,Sequence,Shot,Software,Status,Step,Tag,Task,TaskTemplate,Version",
Routine,performers,multi_entity,True,Performer,
Routine,image_blur_hash,text,False,,
Routine,notes,multi_entity,True,Note,
Routine,open_notes,multi_entity,True,Note,
Routine,open_notes_count,summary,False,,
RvLicense,code,text,False,,
RvLicense,description,text,False,,
RvLicense,created_by,entity,False,"HumanUser,ApiUser",
RvLicense,updated_by,entity,False,"HumanUser,ApiUser",
RvLicense,cached_display_name,text,False,,
RvLicense,meta,serializable,False,,
RvLicense,date_activated,date_time,False,,
RvLicense,activated_by_type,text,False,,
RvLicense,activated_by_id,text,False,,
RvLicense,site,entity,False,Asset,
RvLicense,created_at,date_time,False,,
RvLicense,updated_at,date_time,False,,
RvLicense,id,number,False,,
RvLicense,tags,multi_entity,True,Tag,
RvLicense,image,image,False,,
RvLicense,image_source_entity,entity,False,"ApiUser,AppWelcome,Asset,Attachment,Banner,Booking,ClientUser,Composition,Contract,Cut,CutItem,Department,Episode,Group,HumanUser,Icon,Level,LocalStorage,MocapPass,MocapSetup,MocapTake,MocapTakeRange,Note,Page,Performer,PermissionRuleSet,Phase,PipelineConfiguration,Playlist,Project,PublishedFile,PublishedFileDependency,PublishedFileType,Routine,RvLicense,Sequence,Shot,Software,Status,Step,Tag,Task,TaskTemplate,Version",
RvLicense,image_blur_hash,text,False,,
SavedFilter,code,text,False,,
SavedFilter,entity_type,text,False,,
SavedFilter,filters,serializable,False,,
SavedFilter,cached_display_name,text,False,,
SavedFilter,created_by,entity,False,"HumanUser,ApiUser",
SavedFilter,updated_by,entity,False,"HumanUser,ApiUser",
SavedFilter,updated_at,date_time,False,,
SavedFilter,created_at,date_time,False,,
SavedFilter,id,number,False,,
Sequence,sg_mvl_client_name,text,False,,
Sequence,shots,multi_entity,True,Shot,
Sequence,addressings_cc,multi_entity,True,"Group,HumanUser",
Sequence,cached_display_name,text,False,,
Sequence,filmstrip_image,image,False,,
Sequence,sg_versions,multi_entity,True,Version,
Sequence,task_template,entity,False,TaskTemplate,
Sequence,tasks,multi_entity,True,Task,
Sequence,step_0,pivot_column,False,,
Sequence,cuts,multi_entity,True,Cut,
Sequence,sg_published_files,multi_entity,True,PublishedFile,
Sequence,episode,entity,False,Episode,
Sequence,id,number,False,,
Sequence,image_source_entity,entity,False,"ApiUser,AppWelcome,Asset,Attachment,Banner,Booking,ClientUser,Composition,Contract,Cut,CutItem,Department,Episode,Group,HumanUser,Icon,Level,LocalStorage,MocapPass,MocapSetup,MocapTake,MocapTakeRange,Note,Page,Performer,PermissionRuleSet,Phase,PipelineConfiguration,Playlist,Project,PublishedFile,PublishedFileDependency,PublishedFileType,Routine,RvLicense,Sequence,Shot,Software,Status,Step,Tag,Task,TaskTemplate,Version",
Sequence,sg_vendor_groups,multi_entity,True,Group,
Sequence,sg_scenes,multi_entity,True,,
Sequence,image_blur_hash,text,False,,
Sequence,notes,multi_entity,True,Note,
Sequence,open_notes,multi_entity,True,Note,
Sequence,open_notes_count,summary,False,,
Sequence,updated_at,date_time,False,,
Sequence,code,text,False,,
Sequence,sg_sequence_type,list,False,,
Sequence,assets,multi_entity,True,Asset,
Sequence,created_by,entity,False,"HumanUser,ApiUser",
Sequence,project,entity,False,Project,
Sequence,updated_by,entity,False,"HumanUser,ApiUser",
Sequence,description,text,False,,
Sequence,tags,multi_entity,True,Tag,
Sequence,image,image,False,,
Sequence,created_at,date_time,False,,
Sequence,sg_status_list,status_list,False,,
Sequence_sg_vendor_groups_Connection,sequence,entity,False,Sequence,
Sequence_sg_vendor_groups_Connection,group,entity,False,Group,
Sequence_sg_vendor_groups_Connection,id,number,False,,
ShootDaySceneConnection,shoot_day,entity,False,,
ShootDaySceneConnection,scene,entity,False,,
ShootDaySceneConnection,cached_display_name,text,False,,
ShootDaySceneConnection,id,number,False,,
Shot,task_template,entity,False,TaskTemplate,
Shot,parent_shots,multi_entity,True,Shot,
Shot,shots,multi_entity,True,Shot,
Shot,sg_head_in,number,False,,
Shot,step_0,pivot_column,False,,
Shot,addressings_cc,multi_entity,True,"Group,HumanUser",
Shot,cached_display_name,text,False,,
Shot,sg_cut_order,number,False,,
Shot,filmstrip_image,image,False,,
Shot,sg_production_notes,text,False,,
Shot,sg_working_duration,number,False,,
Shot,sg_client_name,text,False,,
Shot,sg_shot_type,list,False,,
Shot,sg_published_files,multi_entity,True,PublishedFile,
Shot,sg_versions,multi_entity,True,Version,
Shot,id,number,False,,
Shot,sg_mvl_client_name,text,False,,
Shot,image_source_entity,entity,False,"ApiUser,AppWelcome,Asset,Attachment,Banner,Booking,ClientUser,Composition,Contract,Cut,CutItem,Department,Episode,Group,HumanUser,Icon,Level,LocalStorage,MocapPass,MocapSetup,MocapTake,MocapTakeRange,Note,Page,Performer,PermissionRuleSet,Phase,PipelineConfiguration,Playlist,Project,PublishedFile,PublishedFileDependency,PublishedFileType,Routine,RvLicense,Sequence,Shot,Software,Status,Step,Tag,Task,TaskTemplate,Version",
Shot,sg_vendor_groups,multi_entity,True,Group,
Shot,step_134,pivot_column,False,,
Shot,mocap_take_ranges,multi_entity,True,MocapTakeRange,
Shot,sg_mvl_fps,number,False,,
Shot,image_blur_hash,text,False,,
Shot,sg_mvl_clip_number,text,False,,
Shot,notes,multi_entity,True,Note,
Shot,open_notes,multi_entity,True,Note,
Shot,open_notes_count,summary,False,,
Shot,sg_mvl_ramp,text,False,,
Shot,smart_cut_duration,number,False,,
Shot,smart_tail_in,number,False,,
Shot,updated_at,date_time,False,,
Shot,smart_duration_summary_display,text,False,,
Shot,smart_tail_duration,number,False,,
Shot,smart_cut_in,number,False,,
Shot,code,text,False,,
Shot,tail_duration,number,False,,
Shot,smart_head_in,number,False,,
Shot,assets,multi_entity,True,Asset,
Shot,created_by,entity,False,"HumanUser,ApiUser",
Shot,project,entity,False,Project,
Shot,smart_cut_summary_display,text,False,,
Shot,head_out,number,False,,
Shot,smart_head_out,number,False,,
Shot,updated_by,entity,False,"HumanUser,ApiUser",
Shot,sg_sequence,entity,False,Sequence,
Shot,smart_working_duration,number,False,,
Shot,cut_duration,number,False,,
Shot,cut_out,number,False,,
Shot,cut_in,number,False,,
Shot,description,text,False,,
Shot,sg_cut_duration,number,False,,
Shot,tags,multi_entity,True,Tag,
Shot,smart_head_duration,number,False,,
Shot,tasks,multi_entity,True,Task,
Shot,sg_mvl_client_head_in,number,False,,
Shot,head_duration,number,False,,
Shot,head_in,number,False,,
Shot,tail_out,number,False,,
Shot,tail_in,number,False,,
Shot,smart_cut_out,number,False,,
Shot,image,image,False,,
Shot,smart_tail_out,number,False,,
Shot,created_at,date_time,False,,
Shot,sg_cut_in,number,False,,
Shot,sg_cut_out,number,False,,
Shot,step_274,pivot_column,False,,
Shot,sg_tail_out,number,False,,
Shot,step_136,pivot_column,False,,
Shot,sg_mvl_client_tail_out,number,False,,
Shot,step_175,pivot_column,False,,
Shot,step_208,pivot_column,False,,
Shot,step_241,pivot_column,False,,
Shot,step_35,pivot_column,False,,
Shot,step_106,pivot_column,False,,
Shot,step_133,pivot_column,False,,
Shot,sg_mvl_client_cut_in,number,False,,
Shot,step_2,pivot_column,False,,
Shot,step_6,pivot_column,False,,
Shot,sg_status_list,status_list,False,,
Shot,step_7,pivot_column,False,,
Shot,step_8,pivot_column,False,,
Shot,sg_mvl_client_cut_out,number,False,,
ShotShotConnection,parent_shot,entity,False,Shot,
ShotShotConnection,shot,entity,False,Shot,
ShotShotConnection,cached_display_name,text,False,,
ShotShotConnection,id,number,False,,
Shot_sg_vendor_groups_Connection,shot,entity,False,Shot,
Shot_sg_vendor_groups_Connection,group,entity,False,Group,
Shot_sg_vendor_groups_Connection,id,number,False,,
Software,code,text,False,,
Software,id,number,False,,
Software,description,text,False,,
Software,tags,multi_entity,True,Tag,
Software,created_at,date_time,False,,
Software,updated_at,date_time,False,,
Software,created_by,entity,False,"HumanUser,ApiUser",
Software,updated_by,entity,False,"HumanUser,ApiUser",
Software,cached_display_name,text,False,,
Software,sg_status_list,status_list,False,,
Software,version_names,text,False,,
Software,products,text,False,,
Software,engine,text,False,,
Software,group_name,text,False,,
Software,group_default,checkbox,False,,
Software,windows_path,text,False,,
Software,windows_args,text,False,,
Software,linux_path,text,False,,
Software,linux_args,text,False,,
Software,mac_path,text,False,,
Software,mac_args,text,False,,
Software,projects,multi_entity,True,Project,
Software,user_restrictions,multi_entity,True,"HumanUser,Group",
Software,image,image,False,,
Software,image_source_entity,entity,False,"ApiUser,AppWelcome,Asset,Attachment,Banner,Booking,ClientUser,Composition,Contract,Cut,CutItem,Department,Episode,Group,HumanUser,Icon,Level,LocalStorage,MocapPass,MocapSetup,MocapTake,MocapTakeRange,Note,Page,Performer,PermissionRuleSet,Phase,PipelineConfiguration,Playlist,Project,PublishedFile,PublishedFileDependency,PublishedFileType,Routine,RvLicense,Sequence,Shot,Software,Status,Step,Tag,Task,TaskTemplate,Version",
Software,image_blur_hash,text,False,,
Status,bg_color,color,False,,
Status,name,text,False,,
Status,system,checkbox,False,,
Status,code,text,False,,
Status,icon,entity,False,Icon,
Status,cached_display_name,text,False,,
Status,created_by,entity,False,"HumanUser,ApiUser",
Status,updated_by,entity,False,"HumanUser,ApiUser",
Status,created_at,date_time,False,,
Status,updated_at,date_time,False,,
Status,id,number,False,,
Step,code,text,False,,
Step,description,text,False,,
Step,color,color,False,,
Step,short_name,text,False,,
Step,department,entity,False,Department,
Step,list_order,number,False,,
Step,cached_display_name,text,False,,
Step,updated_by,entity,False,"HumanUser,ApiUser",
Step,created_by,entity,False,"HumanUser,ApiUser",
Step,created_at,date_time,False,,
Step,updated_at,date_time,False,,
Step,entity_type,entity_type,False,,
Step,id,number,False,,
Tag,cached_display_name,text,False,,
Tag,id,number,False,,
Tag,name,text,False,,
Tag,usage,number,False,,
Tag,updated_at,date_time,False,,
Tag,created_by,entity,False,"HumanUser,ApiUser",
Tag,updated_by,entity,False,"HumanUser,ApiUser",
Tag,created_at,date_time,False,,
Task,pinned,checkbox,False,,
Task,time_logs_sum,duration,False,,
Task,step,entity,False,Step,
Task,inventory_date,date,False,,
Task,notes,multi_entity,True,Note,
Task,implicit,checkbox,False,,
Task,upstream_tasks,multi_entity,True,Task,
Task,downstream_tasks,multi_entity,True,Task,
Task,dependency_violation,checkbox,False,,
Task,task_template,entity,False,TaskTemplate,
Task,time_percent_of_est,percent,False,,
Task,time_vs_est,duration,False,,
Task,splits,serializable,False,,
Task,template_task,entity,False,Task,
Task,sg_priority,list,False,,
Task,sg_versions,multi_entity,True,Version,
Task,addressings_cc,multi_entity,True,"Group,HumanUser",
Task,sibling_tasks,multi_entity,True,Task,
Task,split_durations,serializable,False,,
Task,cached_display_name,text,False,,
Task,sg_priority_1,list,False,,
Task,sg_description,text,False,,
Task,sg_sort_order,number,False,,
Task,filmstrip_image,image,False,,
Task,due_date,date,False,,
Task,open_notes,multi_entity,True,Note,
Task,open_notes_count,summary,False,,
Task,id,number,False,,
Task,sg_task_description,text,False,,
Task,image_source_entity,entity,False,"ApiUser,AppWelcome,Asset,Attachment,Banner,Booking,ClientUser,Composition,Contract,Cut,CutItem,Department,Episode,Group,HumanUser,Icon,Level,LocalStorage,MocapPass,MocapSetup,MocapTake,MocapTakeRange,Note,Page,Performer,PermissionRuleSet,Phase,PipelineConfiguration,Playlist,Project,PublishedFile,PublishedFileDependency,PublishedFileType,Routine,RvLicense,Sequence,Shot,Software,Status,Step,Tag,Task,TaskTemplate,Version",
Task,sg_end_date,calculated,False,,
Task,sg_mvl_due_date,date,False,,
Task,image_blur_hash,text,False,,
Task,workload,calculated,False,,
Task,workload_per_day,calculated,False,,
Task,workload_assignee_count,number,False,,
Task,workload_per_day_per_assignee,calculated,False,,
Task,duration,duration,False,,
Task,proposed_start_date,date,False,,
Task,start_date,date,False,,
Task,updated_at,date_time,False,,
Task,project,entity,False,Project,
Task,entity,entity,False,"Asset,Level,MocapSetup,MocapTake,MocapTakeRange,Shot,Sequence",
Task,created_by,entity,False,"HumanUser,ApiUser",
Task,updated_by,entity,False,"HumanUser,ApiUser",
Task,est_in_mins,duration,False,,
Task,tags,multi_entity,True,Tag,
Task,color,color,False,,
Task,content,text,False,,
Task,milestone,checkbox,False,,
Task,image,image,False,,
Task,task_assignees,multi_entity,True,"Group,HumanUser",
Task,created_at,date_time,False,,
Task,task_reviewers,multi_entity,True,"Group,HumanUser",
Task,sg_status_list,status_list,False,,
TaskDependency,task,entity,False,Task,
TaskDependency,dependent_task,entity,False,Task,
TaskDependency,offset_days,number,False,,
TaskDependency,dependency_type,text,False,,
TaskDependency,dependent_task_id,number,False,,
TaskDependency,task_id,number,False,,
TaskDependency,shift_ratio,float,False,,
TaskDependency,cached_display_name,text,False,,
TaskDependency,id,number,False,,
TaskTemplate,code,text,False,,
TaskTemplate,description,text,False,,
TaskTemplate,entity_type,entity_type,False,,
TaskTemplate,task_count,number,False,,
TaskTemplate,cached_display_name,text,False,,
TaskTemplate,updated_by,entity,False,"HumanUser,ApiUser",
TaskTemplate,created_by,entity,False,"HumanUser,ApiUser",
TaskTemplate,created_at,date_time,False,,
TaskTemplate,updated_at,date_time,False,,
TaskTemplate,id,number,False,,
TaskTemplate,projects,multi_entity,True,Project,
TaskTemplate,notes,multi_entity,True,Note,
TaskTemplate,open_notes,multi_entity,True,Note,
TaskTemplate,open_notes_count,summary,False,,
TicketTicketConnection,source_ticket,entity,False,,
TicketTicketConnection,dest_ticket,entity,False,,
TicketTicketConnection,cached_display_name,text,False,,
TicketTicketConnection,id,number,False,,
TimeLog,entity,entity,False,Task,
TimeLog,duration,duration,False,,
TimeLog,description,text,False,,
TimeLog,user,entity,False,HumanUser,
TimeLog,date,date,False,,
TimeLog,cached_display_name,text,False,,
TimeLog,created_by,entity,False,"HumanUser,ApiUser",
TimeLog,updated_by,entity,False,"HumanUser,ApiUser",
TimeLog,created_at,date_time,False,,
TimeLog,updated_at,date_time,False,,
TimeLog,id,number,False,,
TimeLog,project,entity,False,Project,
Version,sg_first_frame,number,False,,
Version,sg_uploaded_movie,url,False,,
Version,flagged,checkbox,False,,
Version,sg_uploaded_movie_transcoding_status,number,False,,
Version,tasks,multi_entity,True,Task,
Version,sg_uploaded_movie_mp4,url,False,,
Version,sg_uploaded_movie_webm,url,False,,
Version,playlists,multi_entity,True,Playlist,
Version,client_code,text,False,,
Version,task_template,entity,False,TaskTemplate,
Version,step_0,pivot_column,False,,
Version,sg_department,text,False,,
Version,cached_display_name,text,False,,
Version,sg_path_to_movie,text,False,,
Version,sg_last_frame,number,False,,
Version,sg_movie_aspect_ratio,float,False,,
Version,sg_frames_aspect_ratio,float,False,,
Version,sg_movie_has_slate,checkbox,False,,
Version,sg_frames_have_slate,checkbox,False,,
Version,filmstrip_image,image,False,,
Version,sg_task,entity,False,Task,
Version,viewed_by_current_user_at,date_time,False,,
Version,media_center_import_time,date_time,False,,
Version,sg_uploaded_movie_image,url,False,,
Version,otio_playable,text,False,,
Version,client_approved,checkbox,False,,
Version,client_approved_at,date_time,False,,
Version,client_approved_by,entity,False,"HumanUser,ClientUser",
Version,sg_version_number,number,False,,
Version,uploaded_movie_duration,float,False,,
Version,sg_uploaded_movie_frame_rate,float,False,,
Version,cuts,multi_entity,True,Cut,
Version,id,number,False,,
Version,published_files,multi_entity,True,PublishedFile,
Version,viewed_by_current_user,list,False,,
Version,image_source_entity,entity,False,"ApiUser,AppWelcome,Asset,Attachment,Banner,Booking,ClientUser,Composition,Contract,Cut,CutItem,Department,Episode,Group,HumanUser,Icon,Level,LocalStorage,MocapPass,MocapSetup,MocapTake,MocapTakeRange,Note,Page,Performer,PermissionRuleSet,Phase,PipelineConfiguration,Playlist,Project,PublishedFile,PublishedFileDependency,PublishedFileType,Routine,RvLicense,Sequence,Shot,Software,Status,Step,Tag,Task,TaskTemplate,Version",
Version,sg_deliveries,multi_entity,True,,
Version,sg_revision_number,number,False,,
Version,image_blur_hash,text,False,,
Version,uploaded_movie_audio_offset_mp4,float,False,,
Version,notes,multi_entity,True,Note,
Version,open_notes,multi_entity,True,Note,
Version,open_notes_count,summary,False,,
Version,sg_translation_type,text,False,,
Version,user,entity,False,"HumanUser,ApiUser,Group",
Version,frame_range,text,False,,
Version,frame_count,number,False,,
Version,updated_at,date_time,False,,
Version,sg_version_type,list,False,,
Version,code,text,False,,
Version,entity,entity,False,"Asset,Level,MocapTake,Shot,Sequence",
Version,created_by,entity,False,"HumanUser,ApiUser",
Version,project,entity,False,Project,
Version,updated_by,entity,False,"HumanUser,ApiUser",
Version,sg_path_to_frames,text,False,,
Version,description,text,False,,
Version,tags,multi_entity,True,Tag,
Version,image,image,False,,
Version,created_at,date_time,False,,
Version,sg_work_file_path,text,False,,
Version,sg_path_to_geometry,text,False,,
Version,sg_status_list,status_list,False,,
Version_sg_deliveries_Connection,version,entity,False,Version,
Version_sg_deliveries_Connection,delivery,entity,False,,
Version_sg_deliveries_Connection,id,number,False,,
WorkDayRule,end_date,date,False,,
WorkDayRule,start_date,date,False,,
WorkDayRule,working,checkbox,False,,
WorkDayRule,user,entity,False,HumanUser,
WorkDayRule,description,text,False,,
WorkDayRule,cached_display_name,text,False,,
WorkDayRule,updated_by,entity,False,"HumanUser,ApiUser",
WorkDayRule,created_by,entity,False,"HumanUser,ApiUser",
WorkDayRule,created_at,date_time,False,,
WorkDayRule,updated_at,date_time,False,,
WorkDayRule,uuid,uuid,False,,
WorkDayRule,project,entity,False,Project,
WorkDayRule,precedence,number,False,,
WorkDayRule,day_of_week,number,False,,
WorkDayRule,id,number,False,,
